{"accuracy": [0.5965288877487183, 0.857841968536377], "loss": [1.3763707876205444, 0.44617602229118347], "val_accuracy": [0.8149897456169128, 0.9107102155685425], "val_loss": [0.5874432921409607, 0.28206926584243774]}