{"accuracy": [0.5904971957206726, 0.8616117835044861, 0.9151433110237122, 0.9413471817970276, 0.955274224281311, 0.9641653299331665, 0.9716196060180664], "loss": [1.3890870809555054, 0.43579989671707153, 0.2629494071006775, 0.18102101981639862, 0.13611678779125214, 0.10737137496471405, 0.0852513536810875], "val_accuracy": [0.8469155430793762, 0.9009788036346436, 0.9339289665222168, 0.9461643695831299, 0.9465627074241638, 0.9447416067123413, 0.9567493796348572], "val_loss": [0.4949606955051422, 0.3004928231239319, 0.20262400805950165, 0.16945818066596985, 0.1716535985469818, 0.1820605993270874, 0.13784286379814148]}